{
    "Player": {
        "Test": 90.0,
        "Translation": [
            -5.199999809265137,
            -2.799999952316284,
            0.7689999938011169
        ]
    }
}
