{
    "Player": {
        "DashCoolTime": 0.0,
        "DashSpeed": 0.0,
        "HammerPos": [
            0.0,
            0.0,
            0.0
        ],
        "HammerScale": [
            1.0,
            0.0,
            1.0
        ],
        "Test": 90.0,
        "Translation": [
            -5.199999809265137,
            -2.799999952316284,
            0.7689999938011169
        ]
    }
}
