{
    "view": {
        "Rotate": [
            5.599999904632568,
            9.199999809265137,
            0.0
        ],
        "transration": [
            0.0,
            0.0,
            -5.0
        ]
    }
}
